{"cameraMode":{"drawMode":0,"name":"Shaded","section":"Shading Mode"},"sceneLighting":false,"audioPlay":false,"sceneViewState":{"showFog":true,"showMaterialUpdate":false,"showSkybox":false,"showFlares":true,"showImageEffects":true,"showParticleSystems":true},"in2DMode":false,"pivot":{"x":810.8944091796875,"y":0.5216156244277954,"z":717.9996948242188},"rotation":{"x":-0.2798083424568176,"y":0.03769287094473839,"z":-0.011046034283936024,"w":-0.9592963457107544},"size":40.30146026611328,"orthographic":false}