{"cameraMode":{"drawMode":0,"name":"Shaded","section":"Shading Mode"},"sceneLighting":true,"audioPlay":false,"sceneViewState":{"showFog":true,"showMaterialUpdate":false,"showSkybox":false,"showFlares":true,"showImageEffects":true,"showParticleSystems":true},"in2DMode":false,"pivot":{"x":716.699951171875,"y":2.5125598907470705,"z":626.1064453125},"rotation":{"x":-0.21560168266296388,"y":0.06612955778837204,"z":-0.014670013450086117,"w":-0.9741721749305725},"size":20.55515480041504,"orthographic":false}