{"cameraMode":{"drawMode":0,"name":"Shaded","section":"Shading Mode"},"sceneLighting":true,"audioPlay":false,"sceneViewState":{"showFog":true,"showMaterialUpdate":false,"showSkybox":false,"showFlares":true,"showImageEffects":true,"showParticleSystems":true},"in2DMode":false,"pivot":{"x":715.972412109375,"y":2.5123538970947267,"z":626.8208618164063},"rotation":{"x":-0.1874227076768875,"y":0.7621647715568543,"z":-0.25241151452064516,"w":-0.5659242272377014},"size":117.3877944946289,"orthographic":false}