{"cameraMode":{"drawMode":0,"name":"Shaded","section":"Shading Mode"},"sceneLighting":false,"audioPlay":false,"sceneViewState":{"showFog":true,"showMaterialUpdate":false,"showSkybox":false,"showFlares":true,"showImageEffects":true,"showParticleSystems":true},"in2DMode":false,"pivot":{"x":722.4945068359375,"y":0.8199999332427979,"z":639.4491577148438},"rotation":{"x":-0.40260642766952517,"y":-0.3593972325325012,"z":0.17575044929981233,"w":-0.8233286142349243},"size":4.359936714172363,"orthographic":false}