{"cameraMode":{"drawMode":0,"name":"Shaded","section":"Shading Mode"},"sceneLighting":false,"audioPlay":false,"sceneViewState":{"showFog":true,"showMaterialUpdate":false,"showSkybox":false,"showFlares":true,"showImageEffects":true,"showParticleSystems":true},"in2DMode":false,"pivot":{"x":12.750351905822754,"y":1.8924129009246827,"z":5.996784210205078},"rotation":{"x":-0.23145171999931336,"y":-0.1705837845802307,"z":0.04123303294181824,"w":-0.9569169878959656},"size":4.715783596038818,"orthographic":false}