{"cameraMode":{"drawMode":0,"name":"Shaded","section":"Shading Mode"},"sceneLighting":true,"audioPlay":false,"sceneViewState":{"showFog":true,"showMaterialUpdate":false,"showSkybox":false,"showFlares":true,"showImageEffects":true,"showParticleSystems":true},"in2DMode":false,"pivot":{"x":15.235003471374512,"y":0.4330000877380371,"z":14.248007774353028},"rotation":{"x":-0.21857796609401704,"y":-0.37187033891677859,"z":0.090456523001194,"w":-0.8976853489875794},"size":43.56272506713867,"orthographic":false}