{"cameraMode":{"drawMode":0,"name":"Shaded","section":"Shading Mode"},"sceneLighting":false,"audioPlay":false,"sceneViewState":{"showFog":true,"showMaterialUpdate":false,"showSkybox":false,"showFlares":true,"showImageEffects":true,"showParticleSystems":true},"in2DMode":false,"pivot":{"x":-0.46000000834465029,"y":1.059999942779541,"z":-3.7309999465942385},"rotation":{"x":-0.3940497040748596,"y":-0.034224770963191989,"z":0.014601870439946652,"w":-0.9183829426765442},"size":22.0,"orthographic":false}