{"cameraMode":{"drawMode":0,"name":"Shaded","section":"Shading Mode"},"sceneLighting":true,"audioPlay":false,"sceneViewState":{"showFog":true,"showMaterialUpdate":false,"showSkybox":false,"showFlares":true,"showImageEffects":true,"showParticleSystems":true},"in2DMode":false,"pivot":{"x":913.8963012695313,"y":2.2799935340881349,"z":693.0655517578125},"rotation":{"x":-0.21560168266296388,"y":0.06612955778837204,"z":-0.014670013450086117,"w":-0.9741721749305725},"size":18.03185272216797,"orthographic":false}