{"cameraMode":{"drawMode":0,"name":"Shaded","section":"Shading Mode"},"sceneLighting":false,"audioPlay":false,"sceneViewState":{"showFog":true,"showMaterialUpdate":false,"showSkybox":false,"showFlares":true,"showImageEffects":true,"showParticleSystems":true},"in2DMode":false,"pivot":{"x":-11.29998779296875,"y":144.88101196289063,"z":0.0},"rotation":{"x":-0.21560168266296388,"y":0.06612955778837204,"z":-0.014670013450086117,"w":-0.9741721749305725},"size":558.9240112304688,"orthographic":false}